{"loss": [1.0634654760360718, 1.056380033493042, 1.0477204322814941, 1.030857801437378, 1.0271248817443848, 1.0132354497909546, 1.0032625198364258, 1.000119686126709, 0.9922826290130615, 0.9808461666107178, 0.9727703332901001, 0.9637171626091003, 0.9595649838447571, 0.9527647495269775, 1.0064160823822021, 0.9901173114776611, 0.9800775051116943, 0.9771910309791565, 0.9767077565193176, 0.9729291200637817, 0.9661470651626587, 0.9672398567199707, 0.968415379524231, 0.9629936218261719, 0.9607914686203003, 0.9644378423690796, 0.956306517124176, 0.9522345066070557, 0.9572887420654297, 0.949355959892273, 0.9514651298522949, 0.9460970163345337, 0.9436118006706238, 0.9407387375831604, 0.9385433197021484, 0.9433935284614563, 0.9297419786453247, 0.9395065903663635, 0.9406549334526062, 0.9375102519989014, 0.9419713020324707, 0.9337612390518188, 0.934340238571167, 0.9305239319801331, 1.012063980102539, 1.0086778402328491, 1.0057038068771362, 1.0002492666244507, 0.9282589554786682, 0.9317172765731812, 0.9262194633483887, 0.9296707510948181, 0.920540452003479, 0.9263045787811279, 0.9200180172920227, 0.9174741506576538, 0.9211599826812744, 0.920124351978302, 0.9131597280502319], "accuracy": [0.5999232530593872, 0.60134357213974, 0.6095308065414429, 0.6170182824134827, 0.6171582341194153, 0.6214967966079712, 0.6286693811416626, 0.6308037042617798, 0.634477436542511, 0.6379762887954712, 0.6407053470611572, 0.6442391872406006, 0.6457086801528931, 0.6491725444793701, 0.6245814561843872, 0.6333928108215332, 0.637241542339325, 0.6389209628105164, 0.6391308903694153, 0.6394457817077637, 0.6437493562698364, 0.6426647305488586, 0.6432945132255554, 0.6432945132255554, 0.6433644890785217, 0.6428746581077576, 0.648472785949707, 0.6543858051300049, 0.6500822305679321, 0.6526227593421936, 0.6496273875236511, 0.6490325927734375, 0.6525313854217529, 0.651866614818573, 0.65599524974823, 0.6491725444793701, 0.6607886552810669, 0.6544557809829712, 0.6534410715103149, 0.6568699479103088, 0.651866614818573, 0.6567649841308594, 0.6592141389846802, 0.659179151058197, 0.6282784342765808, 0.6288793087005615, 0.6271998882293701, 0.6281445622444153, 0.6599469780921936, 0.6562401652336121, 0.660123884677887, 0.6590391993522644, 0.6618732810020447, 0.6629928946495056, 0.6631678342819214, 0.6645673513412476, 0.6635177135467529, 0.6620832085609436, 0.6658969521522522], "val_loss": [1.0184873342514038, 1.070873737335205, 0.9886230826377869, 0.9888978004455566, 0.9764977693557739, 1.0021358728408813, 0.9799231290817261, 0.9685467481613159, 0.9554203748703003, 0.9861225485801697, 0.9593997001647949, 0.9536492824554443, 0.9613503217697144, 0.9787025451660156, 0.9208285808563232, 0.9179429411888123, 0.9141469597816467, 0.9159376621246338, 0.915020763874054, 0.9147889018058777, 0.9176726341247559, 0.917314350605011, 0.9104255437850952, 0.9101393222808838, 0.9150852560997009, 0.9128958582878113, 0.9110583662986755, 0.9075745940208435, 0.9037619233131409, 0.9069867134094238, 0.9097691178321838, 0.9050246477127075, 0.9038267731666565, 0.8996077179908752, 0.9000781178474426, 0.902606189250946, 0.9046991467475891, 0.9064703583717346, 0.9019647240638733, 0.899844765663147, 0.9050049185752869, 0.9116595387458801, 0.9016582369804382, 0.8973948955535889, 0.9095348715782166, 0.9093808531761169, 0.9102139472961426, 0.9065821170806885, 0.8992279171943665, 0.9086124300956726, 0.9057109951972961, 0.9002257585525513, 0.8980528712272644, 0.8996782898902893, 0.9013134837150574, 0.8999438285827637, 0.89991295337677, 0.8991193771362305, 0.8948572278022766], "val_accuracy": [0.6202581524848938, 0.6034744381904602, 0.6251083612442017, 0.6330901384353638, 0.6366186141967773, 0.6216772794723511, 0.6328734755516052, 0.6367740631103516, 0.6429499983787537, 0.6336341500282288, 0.6426249742507935, 0.639157772064209, 0.6360878348350525, 0.6229774355888367, 0.6554600596427917, 0.6536405682563782, 0.6570355296134949, 0.6575050354003906, 0.6603502035140991, 0.6555547714233398, 0.6554825305938721, 0.6553019285202026, 0.659130334854126, 0.6595951318740845, 0.6570355296134949, 0.6592386364936829, 0.659888744354248, 0.6606472134590149, 0.6621840000152588, 0.6567185521125793, 0.6594192385673523, 0.6638615727424622, 0.6607555747032166, 0.6649886965751648, 0.6638615727424622, 0.6584802269935608, 0.6579384803771973, 0.660611093044281, 0.6611053347587585, 0.6649090051651001, 0.6618029475212097, 0.6567466259002686, 0.6590580940246582, 0.6647010445594788, 0.6583006978034973, 0.6599248647689819, 0.6589858531951904, 0.6579746007919312, 0.6634065508842468, 0.6609000563621521, 0.6619835495948792, 0.6642588973045349, 0.666283130645752, 0.6649090051651001, 0.663897693157196, 0.6649812459945679, 0.6624891757965088, 0.6647729277610779, 0.6661731004714966]}